,name,frequence
0,Abel,2
1,Abeline,1
2,Abelle,1
3,Abigail,1
4,Abigaille,1
5,Aby,1
6,Abygail,1
7,Abygaille,1
8,Achille,1
9,Ada,1
10,Adama,1
11,Adélaïde,2
12,Adèle,3
13,Adélie,1
14,Adelin,1
15,Adeline,5
16,Adelphine,1
17,Adelyne,1
18,Adhémar,1
19,Adolphe,1
20,Adolphine,1
21,Adrien,5
22,Adrienne,3
23,Agathe,3
24,Aglaé,1
25,Aglaée,1
26,Agnès,6
27,Aïda,1
28,Aimable,1
29,Aimé,4
30,Aimée,3
31,Aimeric,1
32,Aimery,1
33,Aimie,1
34,Aimy,1
35,Alain,8
36,Alaïs,1
37,Alan,2
38,Alanis,1
39,Alaric,1
40,Albain,1
41,Alban,3
42,Albane,1
43,Albanie,1
44,Albanne,1
45,Albéric,1
46,Albert,6
47,Alberte,2
48,Albertine,3
49,Albine,1
50,Aldéric,1
51,Aldine,1
52,Aldric,1
53,Alex,3
54,Alexandra,6
55,Alexandre,7
56,Alexandrie,1
57,Alexandrine,2
58,Alexane,1
59,Alexanne,1
60,Alexia,3
61,Alexiane,1
62,Alexie,1
63,Alexine,1
64,Alexis,5
65,Alexy,1
66,Aleyna,1
67,Alfred,4
68,Alfredine,1
69,Alice,6
70,Alicia,3
71,Alienor,1
72,Aliette,1
73,Aline,6
74,Alisé,1
75,Alisée,1
76,Alison,2
77,Alisone,1
78,Alisson,1
79,Alissone,1
80,Alix,3
81,Alixe,1
82,Alixia,1
83,Alizé,1
84,Alizéa,1
85,Alizée,1
86,Allain,1
87,Allan,2
88,Alliette,1
89,Alodie,1
90,Aloïs,1
91,Aloïse,1
92,Aloyse,1
93,Alphonse,3
94,Alphonsine,2
95,Alric,1
96,Alrick,1
97,Alvine,1
98,Alyette,1
99,Alysée,1
100,Alyzée,1
101,Amable,1
102,Amaël,1
103,Amaelle,1
104,Amalric,1
105,Amance,1
106,Amand,1
107,Amande,1
108,Amandine,5
109,Amarande,1
110,Amaury,2
111,Ambre,2
112,Ambrine,1
113,Ambroise,1
114,Ambroisine,1
115,Amédé,1
116,Amédée,1
117,Amélia,1
118,Amélie,5
119,Amélien,1
120,Amélina,1
121,Ameline,1
122,Amélyne,1
123,Amour,1
124,Anabel,1
125,Anabelle,1
126,Anaclet,1
127,Anaël,1
128,Anaële,1
129,Anaelle,2
130,Anaïs,5
131,Anastase,1
132,Anastasie,1
133,Anasthasie,1
134,Anatole,1
135,Anatolie,1
136,Ancelin,1
137,Andoche,1
138,André,8
139,Andréa,4
140,Andréane,1
141,Andréanne,1
142,Andréas,1
143,Andrée,7
144,Ange,4
145,Angel,2
146,Angela,2
147,Angèle,5
148,Angelin,1
149,Angelina,3
150,Angéline,2
151,Angélique,6
152,Angelle,1
153,Anicet,1
154,Anicette,1
155,Anita,4
156,Anna,5
157,Annabel,1
158,Annabelle,3
159,Annaëlle,1
160,Annaïg,1
161,Anne,8
162,Annelyse,1
163,Anne-Marie,6
164,Annette,4
165,Annick,7
166,Annie,7
167,Annonciade,1
168,Anouk,1
169,Anselme,1
170,Anthelme,1
171,Anthime,1
172,Anthony,6
173,Antoine,6
174,Antoinette,5
175,Antonie,1
176,Antonin,3
177,Antonine,1
178,Antonio,3
179,Aodren,1
180,Apollinaire,1
181,Apolline,1
182,Apollonie,1
183,Appolinaire,1
184,Appoline,1
185,Appolonie,1
186,Arabelle,1
187,Arcade,1
188,Archange,1
189,Argan,1
190,Argentine,1
191,Ariane,2
192,Arianne,1
193,Arié,1
194,Ariel,1
195,Arièle,1
196,Arielle,1
197,Ariette,1
198,Ariste,1
199,Aristide,1
200,Arlette,6
201,Armance,1
202,Armand,4
203,Armande,2
204,Armandine,1
205,Armantine,1
206,Armel,2
207,Armele,1
208,Armelle,4
209,Arnaud,6
210,Arnauld,1
211,Arnault,1
212,Arnould,1
213,Arsène,2
214,Arthémise,1
215,Arthur,4
216,Astride,1
217,Athanase,1
218,Athmane,1
219,Atman,1
220,Atmane,1
221,Aubane,1
222,Aubert,1
223,Aubin,1
224,Aubry,1
225,Aude,4
226,Audeline,1
227,Audette,1
228,Audran,1
229,Audren,1
230,Audrey,6
231,Audric,1
232,Augusta,2
233,Auguste,4
234,Augustin,3
235,Augustine,3
236,Aurane,1
237,Aure,1
238,Aurèle,1
239,Aurélia,3
240,Auréliane,1
241,Aurélie,7
242,Aurélien,5
243,Aurélienne,1
244,Aurelle,1
245,Auriane,1
246,Aurianne,1
247,Aurore,5
248,Auxane,1
249,Auxence,1
250,Avit,1
251,Avril,1
252,Axel,4
253,Axèle,1
254,Axelle,3
255,Aymeric,3
256,Aymerick,1
257,Azélie,1
258,Azeline,1
259,Babette,1
260,Balbine,1
261,Baptiste,5
262,Baptistin,1
263,Baptistine,1
264,Barbara,4
265,Barbe,1
266,Barberine,1
267,Barnabé,1
268,Barthélémy,1
269,Bartholomé,1
270,Bartolomé,1
271,Basile,1
272,Bastien,4
273,Bastienne,1
274,Bathilde,1
275,Batiste,1
276,Baudoin,1
277,Baudouin,1
278,Bazile,1
279,Béatrice,7
280,Béatrix,1
281,Bénédicte,5
282,Benjamin,6
283,Benjamine,1
284,Benoist,1
285,Benoît,6
286,Benoîte,1
287,Béranger,1
288,Bérangère,2
289,Bérenger,1
290,Bérengère,2
291,Bérénice,2
292,Bernadette,7
293,Bernadine,1
294,Bernard,8
295,Bernardette,1
296,Bernardin,1
297,Bernardine,1
298,Berthe,4
299,Berthilde,1
300,Berthile,1
301,Berthille,1
302,Bertile,1
303,Bertille,1
304,Bertin,1
305,Bertrand,5
306,Bertrande,1
307,Betty,3
308,Bienaimé,1
309,Bixente,1
310,Blaise,1
311,Blanche,3
312,Blanchette,1
313,Blandine,4
314,Bleuette,1
315,Bluette,1
316,Bonaventure,1
317,Boniface,1
318,Boris,3
319,Briac,1
320,Briag,1
321,Brice,4
322,Brieg,1
323,Brieuc,1
324,Brieux,1
325,Brigitte,7
326,Brune,1
327,Bruneau,1
328,Brunehilde,1
329,Brunette,1
330,Bruno,7
331,Bryann,1
332,Caline,1
333,Calixte,1
334,Camélia,1
335,Camille,6
336,Candice,2
337,Candide,1
338,Candylène,1
339,Canelle,1
340,Cannelle,1
341,Capucine,2
342,Carelle,1
343,Carène,1
344,Carine,5
345,Carinne,1
346,Carlos,3
347,Carmelle,1
348,Carmen,4
349,Carol,2
350,Carolane,1
351,Carolanne,1
352,Carole,6
353,Caroline,6
354,Carolle,1
355,Casimir,1
356,Cassandra,2
357,Cassandre,1
358,Cassiopée,1
359,Cassy,1
360,Catheline,1
361,Cathelyne,1
362,Catherine,8
363,Caty,1
364,Cécile,7
365,Cécilia,3
366,Cédric,7
367,Cédrick,1
368,Cédrik,1
369,Cédrine,1
370,Célénie,1
371,Céleste,1
372,Célestin,1
373,Célestine,2
374,Célia,4
375,Célian,1
376,Céliane,1
377,Célie,1
378,Célien,1
379,Célina,1
380,Céline,7
381,Célyne,1
382,Cendrine,1
383,Cerine,1
384,Cerise,1
385,Césaire,1
386,César,1
387,Césarine,1
388,Chanel,1
389,Chanelle,1
390,Chantal,7
391,Chantale,2
392,Chantalle,1
393,Charlaine,1
394,Charlemagne,1
395,Charlène,3
396,Charles,6
397,Charlette,1
398,Charleyne,1
399,Charline,3
400,Charlot,1
401,Charlotte,5
402,Charly,2
403,Charlyne,1
404,Chimène,1
405,Chloé,5
406,Chloée,1
407,Chrétien,1
408,Chrislaine,1
409,Christabelle,1
410,Christel,4
411,Christèle,3
412,Christelle,7
413,Christian,8
414,Christiane,7
415,Christianne,2
416,Christina,2
417,Christine,8
418,Christophe,8
419,Chrystal,1
420,Chrystel,2
421,Chrystèle,2
422,Chrystelle,3
423,Cindy,5
424,Cinthia,1
425,Cinthya,1
426,Claire,7
427,Clairette,1
428,Clara,4
429,Clarine,1
430,Clarisse,3
431,Clarysse,1
432,Claude,9
433,Claudette,5
434,Claudia,3
435,Claudiane,1
436,Claudie,4
437,Claudine,7
438,Claudy,1
439,Clélia,1
440,Clélie,1
441,Clémence,4
442,Clément,5
443,Clémente,1
444,Clémentin,1
445,Clémentine,3
446,Cléo,1
447,Clet,1
448,Clodette,1
449,Cloé,1
450,Clorinde,1
451,Clotaire,1
452,Clothilde,1
453,Clotilde,3
454,Clovis,1
455,Colas,1
456,Colette,7
457,Coline,2
458,Colombe,1
459,Colombine,1
460,Côme,1
461,Constance,2
462,Constant,2
463,Constantin,1
464,Constantine,1
465,Coralie,4
466,Coraline,1
467,Coraly,1
468,Coralyne,1
469,Corantin,1
470,Corentin,4
471,Corentine,1
472,Corinne,7
473,Corneille,1
474,Cornélie,1
475,Corrine,1
476,Cosette,1
477,Cosme,1
478,Crépin,1
479,Cristèle,1
480,Cristelle,1
481,Crystèle,1
482,Crystelle,1
483,Cynthia,3
484,Cyprien,1
485,Cyprienne,1
486,Cyr,1
487,Cyriaque,1
488,Cyrielle,2
489,Cyril,6
490,Cyrille,5
491,Damase,1
492,Damia,1
493,Damien,6
494,Damienne,1
495,Dania,1
496,Danie,1
497,Daniel,8
498,Danièle,6
499,Danielle,7
500,Dany,4
501,Daphné,1
502,Daphnée,1
503,David,8
504,Débora,1
505,Déborah,4
506,Delphin,1
507,Delphine,6
508,Denis,7
509,Denise,7
510,Denys,1
511,Denyse,1
512,Désiré,2
513,Désirée,1
514,Diana,2
515,Diane,3
516,Didier,7
517,Dieudonné,1
518,Dilan,1
519,Dimitri,4
520,Dolorès,3
521,Dominique,8
522,Domitille,1
523,Donatien,1
524,Donatienne,1
525,Donavan,1
526,Dorian,3
527,Doriane,2
528,Dorianne,1
529,Dorine,1
530,Dorinne,1
531,Doris,2
532,Dorothée,4
533,Dylane,1
534,Eddie,2
535,Eddy,4
536,Edern,1
537,Edgard,1
538,Edith,5
539,Edmé,1
540,Edmée,1
541,Edmond,4
542,Edmonde,2
543,Edouard,5
544,Edwige,4
545,Eglantine,1
546,Élaine,1
547,Eléonore,3
548,Eliane,6
549,Elie,4
550,Eliette,2
551,Eline,1
552,Elisabelle,1
553,Elisabeth,7
554,Elise,5
555,Elisée,1
556,Ellyn,1
557,Elodie,6
558,Elody,1
559,Eloi,1
560,Elouan,1
561,Elphège,1
562,Elric,1
563,Elsa,3
564,Elvine,1
565,Elvire,1
566,Elyane,1
567,Elyes,1
568,Elyette,1
569,Elyne,1
570,Elysa,1
571,Emanuelle,1
572,Emeline,3
573,Emelyne,1
574,Emeraude,1
575,Emeric,2
576,Emie,1
577,Emilie,6
578,Emilien,3
579,Emilienne,4
580,Emma,4
581,Emmanuel,6
582,Emmanuelle,6
583,Emmeline,1
584,Enguerran,1
585,Enguerrand,1
586,Enora,1
587,Ephrem,1
588,Epiphanie,1
589,Éponine,1
590,Eric,8
591,Erick,2
592,Ericka,1
593,Ernest,4
594,Ernestine,2
595,Erwan,4
596,Erwann,1
597,Espérance,1
598,Estel,1
599,Estèle,1
600,Estelle,5
601,Esthel,1
602,Esther,3
603,Etienne,5
604,Etiennette,2
605,Eudes,1
606,Eudoxie,1
607,Eugène,5
608,Eugénie,4
609,Eulalie,1
610,Euloge,1
611,Eunice,1
612,Euphrasie,1
613,Eurielle,1
614,Eurydice,1
615,Eusèbe,1
616,Eustache,1
617,Eutrope,1
618,Eva,4
619,Evangeline,1
620,Evariste,1
621,Ève,3
622,Evelyne,7
623,Evie,1
624,Evrard,1
625,Fabien,6
626,Fabienne,6
627,Fabiola,1
628,Fabrice,7
629,Fanch,1
630,Fanchon,1
631,Fanélie,1
632,Fanette,1
633,Fanny,5
634,Fantine,1
635,Fany,1
636,Faustin,1
637,Faustine,1
638,Félicia,1
639,Félicie,2
640,Félicien,1
641,Félicienne,1
642,Félicité,1
643,Félix,4
644,Ferdinand,2
645,Fernand,5
646,Fernande,5
647,Ferréol,1
648,Fiacre,1
649,Fidèle,1
650,Fideline,1
651,Firmin,1
652,Firmine,1
653,Flavie,2
654,Flavien,2
655,Flavienne,1
656,Fleur,1
657,Fleurette,1
658,Fleuriane,1
659,Fleurine,1
660,Fleury,1
661,Flora,3
662,Floran,1
663,Florane,1
664,Flore,2
665,Floréal,1
666,Florelle,1
667,Florence,7
668,Florent,5
669,Florentine,1
670,Florestan,1
671,Florestine,1
672,Florette,1
673,Florian,5
674,Floriane,3
675,Florianne,1
676,Floriant,1
677,Florie,1
678,Florien,1
679,Florient,1
680,Florimond,1
681,Florine,2
682,Floris,1
683,Fortuné,1
684,Fortunée,1
685,France,6
686,Franceline,1
687,Francelyne,1
688,Francette,2
689,Franciane,1
690,Francine,6
691,Francis,7
692,Francisque,1
693,Franck,7
694,Franckie,1
695,Francky,1
696,François,8
697,Françoise,8
698,Frank,3
699,Freddy,3
700,Frédéric,8
701,Frederica,1
702,Frédérick,2
703,Frédérique,5
704,Fulbert,1
705,Fulgence,1
706,Gabin,1
707,Gabriel,5
708,Gabrielle,5
709,Gaby,1
710,Gaël,4
711,Gaëla,1
712,Gaële,1
713,Gaëlla,1
714,Gaëlle,5
715,Gaëtan,4
716,Gaétane,2
717,Gaétanne,1
718,Galatée,1
719,Ganaël,1
720,Ganaëlle,1
721,Garance,1
722,Gaspard,1
723,Gaston,4
724,Gastonne,1
725,Gatien,1
726,Gatienne,1
727,Gaultier,1
728,Gauthier,2
729,Gautier,2
730,Gauvain,1
731,Geneviève,7
732,Gentiane,1
733,Geoffrey,3
734,Geoffroy,2
735,George,1
736,Georges,7
737,Georgette,6
738,Georgie,1
739,Georgine,1
740,Gérald,4
741,Géralde,1
742,Géraldine,5
743,Gérard,8
744,Gérarde,1
745,Gérardine,1
746,Géraud,1
747,Germain,3
748,Germaine,6
749,Gérôme,1
750,Gersende,1
751,Gervais,1
752,Gervaise,1
753,Géry,1
754,Ghislain,3
755,Ghislaine,6
756,Ghyslain,1
757,Ghyslaine,1
758,Gil,1
759,Gilbert,7
760,Gilberte,5
761,Gildas,2
762,Gilette,1
763,Giliane,1
764,Gille,1
765,Gilles,7
766,Gillette,1
767,Gilliane,1
768,Ginette,6
769,Giovanni,2
770,Girard,1
771,Gisèle,6
772,Giselle,2
773,Gislain,1
774,Gislaine,2
775,Gislène,1
776,Gismonde,1
777,Gladys,2
778,Glwadys,1
779,Godefroy,1
780,Godeleine,1
781,Gontran,1
782,Gonzague,1
783,Goulven,1
784,Gracianne,1
785,Gracieuse,1
786,Gratianne,1
787,Gratien,1
788,Gratienne,1
789,Grégoire,3
790,Grégorie,1
791,Grégory,6
792,Guénaëlle,1
793,Guenièvre,1
794,Guénolé,1
795,Guerric,1
796,Guewen,1
797,Guibert,1
798,Guilain,1
799,Guilaine,1
800,Guilène,1
801,Guilhem,2
802,Guillain,1
803,Guillaine,1
804,Guillaume,7
805,Guillaumette,1
806,Guillemette,1
807,Guislain,1
808,Guislaine,1
809,Gurvan,1
810,Gustave,3
811,Guy,7
812,Guylain,1
813,Guylaine,2
814,Guylène,2
815,Guyonne,1
816,Gweltaz,1
817,Gwenaël,2
818,Gwenaële,1
819,Gwénaëlle,4
820,Gwendal,1
821,Gwendoline,3
822,Gwenhaël,1
823,Gwenn,1
824,Gwennaelle,1
825,Gwennoline,1
826,Gwenola,1
827,Gwénolé,1
828,Gysèle,1
829,Gyslaine,1
830,Hadrien,1
831,Harmonie,1
832,Hector,1
833,Hedwige,1
834,Héléna,3
835,Hélène,7
836,Heliette,1
837,Héloïse,2
838,Hélyette,1
839,Henri,7
840,Henriane,1
841,Henriette,5
842,Henrique,1
843,Hermance,1
844,Hermeline,1
845,Hermine,1
846,Herminie,1
847,Hervé,7
848,Herveline,1
849,Hilaire,1
850,Hilarion,1
851,Hildegarde,1
852,Hippolyte,1
853,Honorat,1
854,Honoré,1
855,Honorée,1
856,Honorin,1
857,Honorine,1
858,Horace,1
859,Hortense,2
860,Hubert,5
861,Huberte,1
862,Hugo,4
863,Hugues,4
864,Huguette,6
865,Hyacinthe,1
866,Ida,2
867,Ignace,1
868,Inès,4
869,Ingrid,4
870,Innocent,1
871,Irène,5
872,Irénée,1
873,Irma,2
874,Isabeau,1
875,Isabelle,8
876,Isaïe,1
877,Isaline,1
878,Isaure,1
879,Iseline,1
880,Isidore,1
881,Isis,1
882,Isoline,1
883,Ivan,2
884,Ivanne,1
885,Ivette,1
886,Ivonne,1
887,Jacinthe,1
888,Jack,3
889,Jackie,4
890,Jacky,6
891,Jacquelin,1
892,Jacqueline,8
893,Jacques,8
894,Jacquie,1
895,Jade,2
896,Jaki,1
897,Jakie,1
898,Jaky,1
899,James,4
900,Janette,1
901,Janick,2
902,Janine,5
903,Janique,1
904,Jannine,1
905,Janny,1
906,Jany,2
907,Jaouen,1
908,Jasmine,1
909,Jean,B
910,Jean-Claude,7
911,Jeanick,1
912,Jeanine,5
913,Jeaninne,1
914,Jean-Luc,6
915,Jean-Marie,6
916,Jeanne,8
917,Jeannette,4
918,Jeannick,1
919,Jeannie,1
920,Jeannine,7
921,Jeannot,1
922,Jean-Paul,6
923,Jean-Pierre,7
924,Jehan,1
925,Jehanne,1
926,Jennifer,5
927,Jenny,2
928,Jennyfer,1
929,Jérémi,1
930,Jérémie,4
931,Jérémy,6
932,Jérôme,7
933,Jéromine,1
934,Jessica,5
935,Jessy,2
936,Jessyca,1
937,Jimmy,4
938,Joachim,2
939,Joan,1
940,Joane,1
941,Joanne,1
942,Joanny,1
943,Joceline,1
944,Jocelyne,6
945,Joé,1
946,Joël,7
947,Joële,1
948,Joëlle,6
949,Joévin,1
950,Joffrette,1
951,Joffrey,2
952,Johane,1
953,Johanie,1
954,Johanna,3
955,Johanne,1
956,Johanny,1
957,John,3
958,Johnny,3
959,Johny,1
960,Jonathan,5
961,Jorane,1
962,Jordan,4
963,Jordane,1
964,Jordi,1
965,Jordy,1
966,Joris,2
967,Josceline,1
968,Joscelyne,1
969,José,6
970,Josée,3
971,Joseline,1
972,Joselyne,2
973,Joseph,7
974,Josèphe,3
975,Joséphine,5
976,Josette,7
977,Josiane,6
978,Josselin,1
979,Josseline,2
980,Josselyn,1
981,Josselyne,1
982,Josyane,1
983,Josyanne,1
984,Joyce,1
985,Juan,2
986,Jude,1
987,Judicaël,1
988,Judicaëlle,1
989,Judith,2
990,Jules,4
991,Julia,4
992,Julie,6
993,Julien,7
994,Julienne,3
995,Juliette,5
996,Juline,1
997,Justin,2
998,Justine,4
999,Justinien,1
1000,Kaelig,1
1001,Karel,1
1002,Karelle,1
1003,Karen,3
1004,Karène,1
1005,Karine,6
1006,Karyne,1
1007,Kassandra,1
1008,Katel,1
1009,Kateline,1
1010,Katell,1
1011,Kathia,1
1012,Kathleen,1
1013,Katia,4
1014,Katy,2
1015,Kelig,1
1016,Kevin,6
1017,Killian,2
1018,Klervi,1
1019,Korentin,1
1020,Kristell,1
1021,Kristelle,1
1022,Krystelle,1
1023,Kylian,1
1024,Laeticia,1
1025,Laetitia,6
1026,Laëtitia,4
1027,Lambert,1
1028,Landry,1
1029,Laura,5
1030,Lauralie,1
1031,Laurana,1
1032,Laurane,1
1033,Lauranne,1
1034,Laure,6
1035,Laureen,1
1036,Laureline,1
1037,Laurence,7
1038,Laurène,2
1039,Laurent,8
1040,Laurentine,1
1041,Laurette,2
1042,Lauriane,2
1043,Laurianne,1
1044,Laurie,3
1045,Laurine,2
1046,Laury,1
1047,Lauryn,1
1048,Lauryne,1
1049,Lazare,1
1050,Léa,5
1051,Léandra,1
1052,Léandre,1
1053,Léane,1
1054,Léanne,1
1055,Léna,2
1056,Lénaïc,1
1057,Lenaick,1
1058,Lenaig,1
1059,Lenaik,1
1060,Léo,3
1061,Léocadia,1
1062,Léocadie,1
1063,Léon,5
1064,Léona,1
1065,Léonard,2
1066,Léonce,1
1067,Léoncia,1
1068,Léoncie,1
1069,Léone,3
1070,Léonide,1
1071,Léonie,3
1072,Léonne,1
1073,Léonor,1
1074,Léonore,1
1075,Léontine,2
1076,Léopold,2
1077,Léopoldine,1
1078,Leslie,3
1079,Letitia,1
1080,Lidwine,1
1081,Lila,2
1082,Lilas,1
1083,Lilette,1
1084,Lilian,3
1085,Liliane,6
1086,Lilianne,1
1087,Lilie,1
1088,Lilou,1
1089,Lilyane,1
1090,Lina,3
1091,Linda,4
1092,Line,3
1093,Lionel,6
1094,Lionelle,1
1095,Lionnel,1
1096,Lisa,4
1097,Lise,3
1098,Lisette,2
1099,Lisianne,1
1100,Lison,1
1101,Livie,1
1102,Loan,1
1103,Loane,1
1104,Loïc,6
1105,Loïck,1
1106,Loïg,1
1107,Loïk,1
1108,Loïs,1
1109,Loïse,1
1110,Lola,2
1111,Lolita,2
1112,Loraine,1
1113,Lorena,1
1114,Lorène,1
1115,Lorette,1
1116,Loriane,1
1117,Lorianne,1
1118,Loric,1
1119,Lorine,1
1120,Lorraine,1
1121,Lorris,1
1122,Lorry,1
1123,Lothaire,1
1124,Louis,7
1125,Louisa,2
1126,Louise,6
1127,Louisette,4
1128,Louisiane,1
1129,Louison,1
1130,Loup,1
1131,Luana,1
1132,Luc,7
1133,Lucas,4
1134,Luce,2
1135,Lucette,5
1136,Lucia,2
1137,Luciane,1
1138,Lucie,6
1139,Lucien,6
1140,Lucienne,6
1141,Lucile,4
1142,Lucille,1
1143,Lucine,1
1144,Lucrèce,1
1145,Ludivine,4
1146,Ludovic,6
1147,Ludovick,1
1148,Lydéric,1
1149,Lydia,4
1150,Lydiane,1
1151,Lydie,5
1152,Lylian,1
1153,Lyne,1
1154,Lyonel,1
1155,Lysa,1
1156,Lysandre,1
1157,Lyse,1
1158,Lysiane,3
1159,Macaire,1
1160,Madeleine,7
1161,Mady,1
1162,Maël,2
1163,Maëlane,1
1164,Maële,1
1165,Maëlenn,1
1166,Maëlie,1
1167,Maëlig,1
1168,Maëline,1
1169,Maëlis,1
1170,Maëliss,1
1171,Maella,1
1172,Maëlle,2
1173,Maëly,1
1174,Maëlys,1
1175,Maëlyss,1
1176,Maeva,3
1177,Magali,6
1178,Magalie,4
1179,Magdeleine,1
1180,Magloire,1
1181,Maguelonne,1
1182,Maguy,1
1183,Mahaut,1
1184,Mahé,1
1185,Maïly,1
1186,Maïlys,1
1187,Maïna,1
1188,Maïthe,1
1189,Maïwen,1
1190,Maïwenn,1
1191,Maixent,1
1192,Malaurie,1
1193,Malaury,1
1194,Malidienne,1
1195,Mallaurie,1
1196,Mallaury,1
1197,Mallorie,1
1198,Mallory,1
1199,Malo,1
1200,Malorie,1
1201,Malory,1
1202,Malou,1
1203,Manelle,1
1204,Manoël,1
1205,Manon,5
1206,Manuel,4
1207,Manuela,2
1208,Manuella,2
1209,Manuelle,1
1210,Marc,8
1211,Marceau,2
1212,Marcel,7
1213,Marcelin,1
1214,Marceline,2
1215,Marcelle,6
1216,Marcellin,1
1217,Marcelline,2
1218,Marcien,1
1219,Marcienne,1
1220,Margaux,3
1221,Margot,3
1222,Marguerite,6
1223,Maria,6
1224,Mariane,1
1225,Marianne,4
1226,Mariannick,1
1227,Marie,B
1228,Marie-André,1
1229,Marie-Joseph,1
1230,Marielle,3
1231,Marie-Luce,1
1232,Marie-Pascale,1
1233,Marie-Pierre,5
1234,Mariette,2
1235,Marilyn,2
1236,Marilyne,3
1237,Marilyse,1
1238,Marine,5
1239,Marinette,4
1240,Marion,5
1241,Marise,1
1242,Marius,4
1243,Marjolaine,1
1244,Marjolène,1
1245,Marjorie,4
1246,Marleine,1
1247,Marlène,4
1248,Marline,1
1249,Marlise,1
1250,Marlyne,1
1251,Marlyse,1
1252,Marthe,5
1253,Martial,4
1254,Martin,4
1255,Martine,8
1256,Mary,2
1257,Maryan,1
1258,Maryelle,1
1259,Marylaure,1
1260,Marylène,4
1261,Marylin,1
1262,Maryline,5
1263,Marylise,1
1264,Maryse,6
1265,Maryvonne,5
1266,Materne,1
1267,Mathieu,6
1268,Mathilde,5
1269,Mathurin,1
1270,Mathurine,1
1271,Matisse,1
1272,Matthieu,5
1273,Matthis,1
1274,Maud,4
1275,Maude,1
1276,Maurane,1
1277,Maurice,7
1278,Mauricette,5
1279,Maurin,1
1280,Maurine,1
1281,Max,4
1282,Maxance,1
1283,Maxence,3
1284,Maxime,6
1285,Maximilien,2
1286,Maximilienne,1
1287,Maximin,1
1288,Maxine,1
1289,Mayeul,1
1290,Médard,1
1291,Médéric,1
1292,Médérick,1
1293,Mégane,2
1294,Mélaine,1
1295,Mélanie,6
1296,Mélie,1
1297,Mélinda,2
1298,Méline,1
1299,Mélisa,1
1300,Mélissa,4
1301,Mélodie,2
1302,Mélusine,1
1303,Mélyna,1
1304,Mélyssa,1
1305,Mendy,1
1306,Mériadec,1
1307,Messaline,1
1308,Michael,5
1309,Michaël,4
1310,Michaëlle,1
1311,Michel,9
1312,Michèle,7
1313,Micheline,6
1314,Michelle,6
1315,Mickael,5
1316,Mickaël,5
1317,Mickaëlle,1
1318,Miguel,3
1319,Mikael,3
1320,Mikaëlle,1
1321,Milène,1
1322,Mirabelle,1
1323,Mireille,6
1324,Miren,1
1325,Modeste,1
1326,Modestine,1
1327,Moïse,2
1328,Monette,1
1329,Monique,8
1330,Moran,1
1331,Morane,1
1332,Morgan,3
1333,Morgane,4
1334,Morgann,1
1335,Morganne,1
1336,Morgiane,1
1337,Morvan,1
1338,Muguette,2
1339,Muriel,6
1340,Murièle,1
1341,Murielle,5
1342,Mylène,4
1343,Myriam,6
1344,Myriame,1
1345,Myriane,1
1346,Myrianne,1
1347,Myrielle,1
1348,Myrtille,1
1349,Nadège,5
1350,Nadeige,1
1351,Nadette,1
1352,Nadia,6
1353,Nadiège,1
1354,Nadine,7
1355,Naëlle,1
1356,Nancy,2
1357,Nanette,1
1358,Naomie,1
1359,Napoléon,1
1360,Narcisse,1
1361,Natacha,4
1362,Nathaël,1
1363,Nathalie,8
1364,Nathanael,1
1365,Nathanaëlle,1
1366,Nazaire,1
1367,Néhémie,1
1368,Neige,1
1369,Nelly,5
1370,Nicette,1
1371,Nicodème,1
1372,Nicolas,8
1373,Nicole,8
1374,Nicomède,1
1375,Nikita,1
1376,Nina,2
1377,Ninette,1
1378,Ninon,1
1379,Noé,1
1380,Noël,5
1381,Noëla,1
1382,Noële,1
1383,Noelie,2
1384,Noëline,1
1385,Noëlla,2
1386,Noëlle,5
1387,Noëllie,1
1388,Noëlline,1
1389,Noelly,1
1390,Noémi,1
1391,Noémie,4
1392,Noémy,1
1393,Nolwen,1
1394,Nolwenn,2
1395,Nonce,1
1396,Nora,3
1397,Norbert,4
1398,Noriane,1
1399,Noyale,1
1400,Océane,4
1401,Océanne,1
1402,Octave,1
1403,Octavie,1
1404,Octavien,1
1405,Odeline,1
1406,Odette,7
1407,Odile,6
1408,Odille,1
1409,Odilon,1
1410,Odyle,1
1411,Olga,3
1412,Olive,1
1413,Olivette,1
1414,Olivia,4
1415,Olivier,8
1416,Ollivier,1
1417,Olympe,1
1418,Ombeline,1
1419,Ombline,1
1420,Onésime,1
1421,Ophélia,1
1422,Ophélie,3
1423,Ophély,1
1424,Orane,1
1425,Orélie,1
1426,Oriane,1
1427,Orianne,1
1428,Orlane,1
1429,Orphée,1
1430,Othon,1
1431,Pacôme,1
1432,Palmire,1
1433,Palmyre,1
1434,Pamphile,1
1435,Pantxika,1
1436,Pâquerette,1
1437,Paquita,1
1438,Parfait,1
1439,Pascal,8
1440,Pascale,6
1441,Pascaline,3
1442,Pascual,1
1443,Patrice,7
1444,Patricia,7
1445,Patrick,8
1446,Paul,7
1447,Paula,2
1448,Paule,5
1449,Paulette,7
1450,Paulin,1
1451,Pauline,5
1452,Pegguy,1
1453,Peggy,4
1454,Peguy,1
1455,Pélagie,1
1456,Pépin,1
1457,Périne,1
1458,Perle,1
1459,Perline,1
1460,Pernelle,1
1461,Péroline,1
1462,Perpétue,1
1463,Perrine,3
1464,Pervenche,1
1465,Pétronille,1
1466,Philbert,1
1467,Philibert,1
1468,Philiberte,1
1469,Philippe,9
1470,Philippine,1
1471,Philomène,2
1472,Pie,1
1473,Pierette,1
1474,Pierre,9
1475,Pierrette,6
1476,Pierrick,3
1477,Pierrine,1
1478,Pierrot,1
1479,Placide,1
1480,Precilia,1
1481,Precillia,1
1482,Prescilia,1
1483,Prescilla,1
1484,Prescillia,1
1485,Prisca,1
1486,Priscilia,1
1487,Priscilla,2
1488,Priscille,1
1489,Priscillia,2
1490,Prosper,1
1491,Prudence,1
1492,Prudent,1
1493,Prune,1
1494,Prunelle,1
1495,Pulchérie,1
1496,Quentin,5
1497,Quiterie,1
1498,Quitterie,1
1499,Rachel,5
1500,Rachèle,1
1501,Rachelle,1
1502,Radegonde,1
1503,Rafaële,1
1504,Rafaelle,1
1505,Rainier,1
1506,Raoul,3
1507,Raphaël,5
1508,Raphaële,1
1509,Raphaëlle,2
1510,Raymond,7
1511,Raymonde,6
1512,Raynald,1
1513,Rebecca,2
1514,Régina,1
1515,Réginald,1
1516,Régine,5
1517,Régis,5
1518,Reine,4
1519,Réjane,3
1520,Réjanne,1
1521,Réjeanne,1
1522,Rémi,5
1523,Rémy,5
1524,Rénald,1
1525,Renaud,4
1526,René,8
1527,Renée,7
1528,Renelde,1
1529,Renelle,1
1530,Reymond,1
1531,Reymonde,1
1532,Reynald,2
1533,Richard,6
1534,Richarde,1
1535,Rita,2
1536,Robert,7
1537,Roberte,3
1538,Robertine,1
1539,Robin,3
1540,Roch,1
1541,Rodolphe,4
1542,Rodrigue,2
1543,Rogatien,1
1544,Roger,7
1545,Roland,6
1546,Rolande,4
1547,Rolland,2
1548,Rollande,1
1549,Romain,6
1550,Romaine,1
1551,Romane,2
1552,Romaric,1
1553,Roméo,1
1554,Romuald,4
1555,Ronan,3
1556,Rosa,3
1557,Rosabelle,1
1558,Rosaire,1
1559,Rosalie,2
1560,Rosane,1
1561,Rose,6
1562,Roseline,4
1563,Roselyne,4
1564,Rosemonde,1
1565,Rosette,2
1566,Rosiane,1
1567,Rosine,2
1568,Roxane,2
1569,Rozenn,1
1570,Rudolphe,1
1571,Rudy,3
1572,Rufin,1
1573,Rufine,1
1574,Ruy,1
1575,Sabine,6
1576,Sabrina,5
1577,Sacha,2
1578,Salomé,2
1579,Salomée,1
1580,Salomon,1
1581,Samantha,3
1582,Samuel,5
1583,Samuelle,1
1584,Sandie,2
1585,Sandra,6
1586,Sandrina,1
1587,Sandrine,7
1588,Sandy,3
1589,Sara,2
1590,Sarah,5
1591,Saturnin,1
1592,Sauveur,1
1593,Savine,1
1594,Savinien,1
1595,Scholastique,1
1596,Sébastien,8
1597,Sébastienne,1
1598,Ségolène,2
1599,Séraphin,1
1600,Séraphine,1
1601,Serge,7
1602,Sergine,1
1603,Serine,1
1604,Servais,1
1605,Servan,1
1606,Servane,1
1607,Servanne,1
1608,Séverin,1
1609,Séverine,6
1610,Sidoine,1
1611,Sidonie,2
1612,Sigismond,1
1613,Sigolène,1
1614,Silvain,1
1615,Silvaine,1
1616,Silvère,1
1617,Silviane,1
1618,Silvie,1
1619,Siméon,1
1620,Simon,5
1621,Simone,7
1622,Simonette,1
1623,Simonne,5
1624,Sixte,1
1625,Sixtine,1
1626,Sloane,1
1627,Soazic,1
1628,Soazig,1
1629,Soizic,2
1630,Solange,6
1631,Solen,1
1632,Solène,3
1633,Solenne,1
1634,Soline,1
1635,Sonia,6
1636,Sophie,7
1637,Sosthène,1
1638,Stanislas,3
1639,Steeve,2
1640,Steeven,1
1641,Stéfane,1
1642,Stéphan,3
1643,Stéphane,8
1644,Stéphanette,1
1645,Stéphanie,7
1646,Steven,3
1647,Sullivan,1
1648,Sulpice,1
1649,Suzanne,7
1650,Suzel,1
1651,Suzelle,1
1652,Suzette,2
1653,Suzon,1
1654,Suzy,2
1655,Swan,1
1656,Swann,1
1657,Sylvain,6
1658,Sylvaine,3
1659,Sylvane,1
1660,Sylvanie,1
1661,Sylvère,1
1662,Sylvestre,1
1663,Sylvette,3
1664,Sylvia,4
1665,Sylvian,1
1666,Sylviane,5
1667,Sylvianne,1
1668,Sylvie,8
1669,Sylvine,1
1670,Symphorien,1
1671,Tancrède,1
1672,Tangi,1
1673,Tanguy,2
1674,Tania,2
1675,Tatiana,3
1676,Teddy,3
1677,Thaddée,1
1678,Thaïs,1
1679,Thalia,1
1680,Thalie,1
1681,Théau,1
1682,Théo,4
1683,Théodora,1
1684,Théodore,2
1685,Théodorine,1
1686,Théodose,1
1687,Théodule,1
1688,Théophane,1
1689,Théophile,2
1690,Théotime,1
1691,Thérèse,7
1692,Thérèsine,1
1693,Thérèze,1
1694,Thibaud,2
1695,Thibault,4
1696,Thibaut,3
1697,Thiébaud,1
1698,Thierry,8
1699,Thiery,1
1700,Thimothée,1
1701,Thiphaine,1
1702,Thomas,6
1703,Tiburce,1
1704,Tifaine,1
1705,Tifanie,1
1706,Tifany,1
1707,Tifenn,1
1708,Tiffany,2
1709,Timothé,1
1710,Timothée,2
1711,Tiphaine,3
1712,Tiphanie,1
1713,Tiphany,1
1714,Tommy,1
1715,Tony,5
1716,Toussaint,1
1717,Toussainte,1
1718,Tressy,1
1719,Trinité,1
1720,Tristan,3
1721,Tugdual,1
1722,Typhaine,1
1723,Typhanie,1
1724,Ulysse,1
1725,Uranie,1
1726,Urbain,1
1727,Urbaine,1
1728,Uriel,1
1729,Urielle,1
1730,Ursule,1
1731,Valène,1
1732,Valentin,4
1733,Valentine,3
1734,Valère,1
1735,Valériane,1
1736,Valérianne,1
1737,Valérie,8
1738,Valérien,1
1739,Valérine,1
1740,Valéry,2
1741,Vanessa,5
1742,Vannessa,1
1743,Véra,1
1744,Vérane,1
1745,Vérène,1
1746,Véronique,7
1747,Vianney,1
1748,Victoire,2
1749,Victor,5
1750,Victoria,3
1751,Victorien,1
1752,Victorin,1
1753,Victorine,2
1754,Vincent,7
1755,Vincente,1
1756,Vincentine,1
1757,Vinciane,1
1758,Vincianne,1
1759,Violaine,2
1760,Violène,1
1761,Violette,3
1762,Virgile,2
1763,Virginie,7
1764,Viridiana,1
1765,Vitaline,1
1766,Vivette,1
1767,Vivian,1
1768,Viviane,5
1769,Vivien,2
1770,Vivienne,1
1771,Voltaire,1
1772,Wandrille,1
1773,Wilfrid,2
1774,William,5
1775,Willy,3
1776,Xavier,6
1777,Xavière,1
1778,Yaël,1
1779,Yaëlle,1
1780,Yana,1
1781,Yann,5
1782,Yanne,1
1783,Yannick,6
1784,Yannig,1
1785,Yasmina,3
1786,Ynès,1
1787,Yoan,2
1788,Yoann,4
1789,Yolaine,2
1790,Yoland,1
1791,Yolande,5
1792,Yolène,1
1793,Ysaline,1
1794,Yseult,1
1795,Yuna,1
1796,Yvain,1
1797,Yvan,4
1798,Yvana,1
1799,Yvane,1
1800,Yvanie,1
1801,Yvanna,1
1802,Yvanne,1
1803,Yveline,3
1804,Yvelise,1
1805,Yvelyne,1
1806,Yves,7
1807,Yvette,7
1808,Yvon,5
1809,Yvonne,7
1810,Yvonnette,1
1811,Yvonnick,1
1812,Zacharia,1
1813,Zacharie,1
1814,Zélie,1
1815,Zéphir,1
1816,Zéphirin,1
1817,Zéphirine,1
1818,Zéphyr,1
1819,Zoé,2
1820,Zulma,1
